	1-1	1-4	1-8	2-4	2-56	2-66	3-26	3-4	3-5	4-2	4-6	4-7	5-5	5-6	5-7	6-2	6-3	6-4	7-1	7-2	7-6	8-3	8-4	8-5
1-1_bin.1	0.36362943	0.11193105	0.16061257	0.07181336	0.023405334	0.06292427	0.026180658	0.013075394	0	0	0	0	0	0	0	0	0	0	0	0	0	0	0	0
1-1_bin.10	0.12999707	0.024636373	0	0.015593711	0.012443617	0.02991644	0	0.0032397264	0	0	0	0	0	0	0	0	0	0	0	0	0	0	0	0
1-1_bin.11	0.10928745	0.005646474	0	0	0	0	0	0	0	0	0	0	0	0	0	0	0	0	0	0	0	0	0	0
1-1_bin.12	0.22394386	0.060962774	0	0	0	0	0	0	0	0	0	0	0	0	0	0	0	0	0	0	0	0	0	0
1-1_bin.13	0.15228887	0.04764811	0	0	0	0	0	0	0	0	0	0	0	0	0	0	0	0	0	0	0	0	0	0
1-1_bin.14	0.14044416	0.0033976322	0.081336595	0	0	0	0	0	0	0	0	0	0	0	0	0	0	0	0	0	0	0	0	0
1-1_bin.15	0.10389622	0.008637505	0	0	0.0034328601	0.0046180068	0	0	0	0	0	0	0	0	0	0	0	0	0	0	0	0	0	0
1-1_bin.17	0.22654185	0.029755436	0.016595375	0.033461567	0.042061463	0.081055865	0	0.009164552	0.007005903	0	0	0	0	0	0	0	0	0	0	0	0	0	0	0
1-1_bin.18	0.11301524	0.010995848	0.0040210937	0	0	0.0073689367	0	0	0	0	0	0	0	0	0	0	0	0	0	0	0	0	0	0
1-1_bin.19	0.1505791	0.044660117	0.028833743	0.0028067844	0.014176513	0.015893983	0	0.005535776	0.003168112	0	0	0	0	0	0	0	0	0	0	0	0	0	0	0
1-1_bin.2	0.16746514	0.11389873	0.22531898	0.008172511	0	0.010177478	0.027281256	0.0036874667	0	0	0	0	0.0041533276	0	0	0	0	0	0	0	0	0	0	0
1-1_bin.20	0.084149845	0.007260333	0.0049164444	0.006731554	0.013115582	0.018529821	0	0	0	0	0	0	0	0	0	0	0	0	0	0	0	0	0	0
1-1_bin.21	0.20916182	0.042284507	0	0	0	0	0	0	0	0	0	0	0	0	0	0	0	0	0	0	0	0	0	0
1-1_bin.22	0.104348436	0	0	0	0	0	0	0	0	0	0	0	0	0	0	0	0	0	0	0	0	0	0	0
1-1_bin.23	0.23228166	0.06072604	0.025107374	0.021547984	0.036737766	0.0535278	0	0.005162472	0	0	0	0	0	0	0	0	0	0	0	0	0	0	0	0
1-1_bin.25	0.12992059	0.019406948	0	0	0	0.0037846684	0	0	0	0	0	0	0	0	0	0	0	0	0	0	0	0	0	0
1-1_bin.26	0.20429778	0.05048067	0.025715848	0.01631712	0.01678403	0.035501562	0	0	0	0	0	0	0	0	0	0	0	0	0	0	0	0	0	0
1-1_bin.3	0.32579806	0.14160584	0.011307992	0	0.006320797	0	0	0	0	0	0	0	0	0	0	0	0	0	0	0	0	0	0	0
1-1_bin.4	0.057068344	0.19648719	0.029015666	0	0.014237603	0	0.035661414	0	0	0	0	0	0	0	0	0	0	0	0	0	0	0	0	0
1-1_bin.5	0.122333094	0.00805975	0.008274007	0.00444832	0.008585951	0.017817287	0	0	0	0	0	0	0	0	0	0	0	0	0	0	0	0	0	0
1-1_bin.6	0.16228402	0.020011235	0.013184258	0.0025745335	0.051003587	0.027920753	0	0	0	0	0	0	0	0	0	0	0	0	0	0	0	0	0	0
1-1_bin.7	0.22875965	0.06236917	0.005335748	0.014095914	0.028063513	0.046850428	0.018415872	0.009596786	0.0065630884	0	0.003486193	0	0	0	0	0	0	0	0	0	0	0	0	0
1-1_bin.8	0.07245305	0.02510047	0.14894831	0.006033134	0	0.008226003	0	0	0	0	0	0	0	0	0	0	0	0	0	0	0	0	0	0
1-1_bin.9	0.5289439	0.08141341	0.02738422	0.03749244	0.0361141	0.060878277	0.028715614	0.068459935	0.04139149	0.02402704	0.038103536	0.019088093	0.02527446	0.034248568	0.024826135	0.024344433	0.037736822	0.019606795	0.054843422	0.016608732	0.024429498	0.028321864	0.01579815	0.02366038
1-4_bin.1	0.2021635	0.45447418	0.0175997	0.08319108	0.044742588	0.028365169	0	0.004956576	0	0	0	0	0	0	0	0	0	0	0	0	0	0	0	0
1-4_bin.10	0	0.1952874	0	0	0	0	0	0	0	0	0	0	0	0	0	0	0	0	0	0	0	0	0	0
1-4_bin.11	0	0.08234145	0	0	0	0	0	0	0	0	0	0	0	0	0	0	0	0	0	0	0	0	0	0
1-4_bin.12	0	0.08608818	0	0	0	0.0037456811	0	0	0	0	0	0	0	0	0	0	0	0	0	0	0	0	0	0
1-4_bin.13	0.020791832	0.11571167	0	0	0.003908911	0	0.0034617104	0	0	0	0	0	0	0	0	0	0	0	0	0	0	0	0	0
1-4_bin.14	0.023480974	0.11178629	0.026337024	0.0029211452	0	0.0028486063	0	0	0	0	0	0	0	0	0	0	0	0	0	0	0	0	0	0
1-4_bin.15	0.093109064	0.30803168	0.060361244	0.07429237	0.021711519	0.025285026	0.021120595	0.012353652	0.009224941	0	0	0	0.0060090437	0	0	0	0	0	0	0	0	0	0	0
1-4_bin.16	0.024189902	0.21626224	0.0072881756	0.02083814	0.022042139	0.009425971	0.007891604	0.0061122747	0.0052330755	0	0	0	0	0	0	0	0	0	0	0	0	0	0	0
1-4_bin.17	0.036826484	0.15103088	0	0	0.006259298	0	0	0	0	0	0	0	0	0	0	0	0	0	0	0	0	0	0	0
1-4_bin.18	0	0.09171632	0	0	0	0	0	0	0	0	0	0	0	0	0	0	0	0	0	0	0	0	0	0
1-4_bin.19	0.44823065	0.09035434	0.114047006	0.1763987	0.18428409	0.20803425	0	0.016204432	0.009452084	0	0.0116243195	0	0	0	0	0	0	0	0	0	0	0	0	0
1-4_bin.2	0.009679488	0.102776594	0.033230573	0	0	0.00454592	0	0	0	0	0	0	0	0	0	0	0	0	0	0	0	0	0	0
1-4_bin.20	0.091754764	0.14345263	0.06408351	0	0	0	0.0047284975	0	0	0	0	0	0	0	0	0	0	0	0	0	0	0	0	0
1-4_bin.21	0.02682845	0.30459136	0	0	0	0	0	0	0	0	0	0	0	0	0	0	0	0	0	0	0	0	0	0
1-4_bin.22	0.050475657	0.28402993	0.03454676	0	0.0036526816	0.0032142778	0	0	0	0	0	0	0	0	0	0	0	0	0	0	0	0	0	0
1-4_bin.23	0.0071209767	0.058486048	0	0	0	0	0	0	0	0	0	0	0	0	0	0	0	0	0	0	0	0	0	0
1-4_bin.24	0.024314864	0.10971037	0.022601407	0	0	0	0	0	0	0	0	0	0	0	0	0	0	0	0	0	0	0	0	0
1-4_bin.25	0.08642405	0.1375156	0.011296179	0.023333296	0.052736707	0.027060056	0	0.010923497	0.00590034	0	0	0	0	0	0	0	0	0	0	0	0	0	0	0
1-4_bin.3	0.00642159	0.08369905	0.003929414	0	0.0025320845	0	0	0	0	0	0	0	0	0	0	0	0	0	0	0	0	0	0	0
1-4_bin.5	0.044797465	0.12663685	0.0463031	0.09255604	0.010819024	0.024217984	0.048708085	0.014597482	0.00731719	0.038981423	0.0032004344	0.007871603	0.06848021	0	0.028333902	0.027641986	0	0.007475923	0.016692216	0	0.014212819	0	0	0
1-4_bin.6	0.0026786975	0.10710115	0	0	0	0	0	0	0	0	0	0	0	0	0	0	0	0	0	0	0	0	0	0
1-4_bin.7	0.0414457	0.11226385	0	0	0	0	0	0	0	0	0	0	0	0	0	0	0	0	0	0	0	0	0	0
1-4_bin.8	0.016841859	0.16454756	0.100375764	0.0037279357	0	0	0	0	0	0	0	0	0	0	0	0	0	0	0	0	0	0	0	0
1-8_bin.1	0	0	0.13170396	0	0.008565292	0.005750457	0	0	0	0	0	0	0	0	0	0	0	0	0	0	0	0	0	0
1-8_bin.10	0.0093633775	0	0.09662283	0	0	0	0	0	0	0	0	0	0	0	0	0	0	0	0	0	0	0	0	0
1-8_bin.12	0.022122147	0.02365938	0.094682895	0.08852451	0.016497286	0.04715135	0.09145253	0.045281705	0.04197418	0.047152102	0.012543659	0.012278085	0.038516175	0	0.021202167	0.007545158	0	0	0.004084664	0	0.006489137	0	0	0
1-8_bin.13	0.0053124335	0	0.07073094	0	0	0	0	0	0	0	0	0	0	0	0	0	0	0	0	0	0	0	0	0
1-8_bin.14	0.06858146	0.049112137	0.37104878	0	0	0	0.0049662925	0	0	0	0	0	0	0	0	0	0	0	0	0	0	0	0	0
1-8_bin.15	0.0069226627	0.029380795	0.20327984	0	0	0	0	0	0	0	0	0	0	0	0	0	0	0	0	0	0	0	0	0
1-8_bin.17	0	0	0.08598261	0	0	0	0	0	0	0	0	0	0	0	0	0	0	0	0	0	0	0	0	0
1-8_bin.18	0.10862816	0.05258291	1.2788658	0.02765854	0.0033702084	0.04170131	0.046744023	0.0071510156	0.0038264378	0	0	0	0.0048351246	0	0	0	0	0	0	0	0	0	0	0
1-8_bin.19	0.022509275	0.041152664	0.6306957	0.03611471	0.021242378	0.019217152	0.016874481	0.01730266	0.012620195	0.005897398	0.007282861	0.0053547435	0.0123	0	0	0	0	0	0.009528735	0	0.005238396	0	0	0
1-8_bin.2	0	0	0.24392177	0	0	0	0	0	0	0	0	0	0	0	0	0	0	0	0	0	0	0	0	0
1-8_bin.20	0	0	0.12805323	0.004521929	0.0041251546	0.0046609803	0	0	0	0	0	0	0	0	0	0	0	0	0	0	0	0	0	0
1-8_bin.21	0.0026200756	0	0.08947515	0	0	0.002746278	0	0	0	0	0	0	0	0	0	0	0	0	0	0	0	0	0	0
1-8_bin.22	0.036656816	0.026093107	0.1669065	0.051800545	0.074962154	0.067865334	0.01412265	0.012239309	0.0047829146	0.0044137663	0	0	0	0	0	0	0	0	0	0	0	0	0	0
1-8_bin.23	0.0042959596	0	0.070494376	0.005817382	0.007112575	0.016342822	0	0	0	0	0	0	0	0	0	0	0	0	0	0	0	0	0	0
1-8_bin.24	0.0052672755	0.011109832	0.0967126	0.022505585	0.009000848	0.007008067	0	0.0056061465	0	0	0	0	0	0	0	0	0	0	0	0	0	0	0	0
1-8_bin.26	0.004895931	0	0.2346416	0	0	0	0.009969392	0	0	0	0	0	0	0	0	0	0	0	0	0	0	0	0	0
1-8_bin.27	0	0	0.08177853	0	0	0	0	0	0	0	0	0	0	0	0	0	0	0	0	0	0	0	0	0
1-8_bin.28	0.07346138	0.09655877	1.1400616	0.007895437	0.00684186	0.0057786508	0.05450892	0.008687545	0.0073922835	0	0	0	0.014589348	0	0	0	0	0	0	0	0	0	0	0
1-8_bin.29	0.008275958	0.00340882	0.104218274	0.005767895	0.005332408	0.021572243	0.0048348554	0.0046375636	0.0029221226	0	0	0	0	0	0	0	0	0	0	0	0	0	0	0
1-8_bin.3	0.052125715	0.05653363	0.2580145	0.053222287	0.0052116667	0.02149349	0.23687863	0.007107568	0	0	0	0	0.011933728	0	0	0	0	0	0	0	0	0	0	0
1-8_bin.30	0	0	0.15662302	0	0	0	0	0	0	0	0	0	0	0	0	0	0	0	0	0	0	0	0	0
1-8_bin.31	0.0831548	0.026573746	0.23174137	0.026251612	0.043118097	0.06884032	0	0.024408275	0.015147803	0	0	0	0	0	0	0	0	0	0	0	0	0	0	0
1-8_bin.32	0.029209731	0.014746315	0.2890167	0.06699829	0.087010376	0.09493055	0.0060177892	0.005487929	0	0	0	0	0	0	0	0	0	0	0	0	0	0	0	0
1-8_bin.33	0.046747953	0.016590748	0.15689701	0	0.013340422	0.013276645	0	0.0037601816	0	0	0	0	0	0	0	0	0	0	0	0	0	0	0	0
1-8_bin.34	0.014010451	0.043024104	0.34769344	0	0	0	0	0	0	0	0	0	0	0	0	0	0	0	0	0	0	0	0	0
1-8_bin.35	0.005726214	0.006338973	0.09602138	0	0	0	0	0	0	0	0	0	0	0	0	0	0	0	0	0	0	0	0	0
1-8_bin.36	0	0	0.11671264	0	0	0	0	0	0	0	0	0	0	0	0	0	0	0	0	0	0	0	0	0
1-8_bin.37	0.014765617	0.14448707	0.07567967	0	0	0	0	0	0	0	0	0	0	0	0	0	0	0	0	0	0	0	0	0
1-8_bin.38	0	0.042816572	0.12904364	0.0060397866	0	0	0.0769685	0.0042183003	0	0	0	0	0.007330226	0	0	0	0	0	0	0	0	0	0	0
1-8_bin.39	0	0	0.2046333	0	0	0	0	0	0	0	0	0	0	0	0	0	0	0	0	0	0	0	0	0
1-8_bin.4	0.05896077	0.14294016	0.4098373	0.012736492	0.005930516	0.01089129	0.07592192	0	0	0	0	0	0.003967964	0	0	0	0	0	0	0	0	0	0	0
1-8_bin.42	0.087483585	0.023804259	0.29978403	0.0062780385	0.006598004	0.0072664316	0	0	0	0	0	0	0	0	0	0	0	0	0	0	0	0	0	0
1-8_bin.43	0.02192109	0.05537403	0.44852558	0	0	0.0074409386	0	0	0	0	0	0	0	0	0	0	0	0	0	0	0	0	0	0
1-8_bin.44	0.07270402	0.014453901	0.22942664	0	0	0.0074260198	0	0	0	0	0	0	0	0	0	0	0	0	0	0	0	0	0	0
1-8_bin.45	0.0035265426	0	0.10865709	0	0	0	0	0	0	0	0	0	0	0	0	0	0	0	0	0	0	0	0	0
1-8_bin.5	0	0	0.22979179	0	0	0	0	0	0	0	0	0	0	0	0	0	0	0	0	0	0	0	0	0
1-8_bin.6	0	0	0.09172575	0	0	0	0	0	0	0	0	0	0	0	0	0	0	0	0	0	0	0	0	0
1-8_bin.7	0.0458013	0.016277513	0.37071618	0.00573859	0.0041249734	0.004346917	0.014348256	0	0	0	0	0	0	0	0	0	0	0	0	0	0	0	0	0
1-8_bin.8	0.05688004	0.008944807	0.19750583	0.040349852	0.09724403	0.11900953	0	0.01875142	0.0077132587	0	0.009568883	0	0	0	0	0	0	0	0	0	0	0	0	0
1-8_bin.9	0.009707324	0.003187014	0.06465339	0.06606576	0.033816412	0.057716742	0.0047972733	0.028066372	0.03637074	0.0031521013	0.025195478	0	0.006847878	0	0	0	0	0	0	0	0	0	0	0
1-8_vamb_6729	0.017318342	0.012350517	0.3932931	0.08367414	0.011624567	0.058970828	0.10923386	0.019988531	0.015564393	0.011746476	0.0030020252	0	0.02530042	0.0040894174	0.017853584	0.013533974	0.009728594	0.018681431	0	0	0.0094182445	0	0.008327492	0.005520501
1-8_vamb_8486	0.1532647	0.08152948	1.3886713	0.029493041	0.005831834	0.017181667	0.030301034	0.0066436846	0.0068741394	0	0	0	0.012003068	0	0	0	0	0	0	0	0	0	0	0
1-8_vamb_8682	0	0	0.19480209	0	0	0	0	0	0	0	0	0	0	0	0	0	0	0	0	0	0	0	0	0
2-4_bin.1	0	0	0.0039670444	0.11539146	0.015604507	0.0179839	0.02488623	0.023611931	0.0045504738	0	0	0	0	0	0	0	0	0	0	0	0	0	0	0
2-4_bin.10	0.039203517	0.06219815	0.0038140893	0.15830895	0.06940642	0.03772264	0.0094698025	0.12254252	0.014018619	0.0054653315	0.015405946	0.0069448063	0.0052082683	0.020342657	0.01253789	0.005900118	0.009199981	0.009090906	0.015055905	0	0.008245307	0	0	0.006840134
2-4_bin.12	0.026858827	0.024251984	0.009686987	0.4254377	0.23386008	0.22119105	0.008400284	0.096062414	0.086397246	0	0.0047020763	0	0.006021522	0	0	0	0	0	0	0	0	0	0	0
2-4_bin.13	0.0039453157	0.0028503207	0	0.15161632	0.021666022	0.017917948	0	0.0066179647	0.0062535955	0	0	0	0	0	0	0	0	0	0	0	0	0	0	0
2-4_bin.14	0	0.00433588	0	0.14545831	0.055404514	0.084430374	0	0.07304335	0.040569447	0	0.022778055	0	0	0	0	0	0	0	0	0	0	0	0	0
2-4_bin.15	0.0054590665	0.01056783	0	0.1300754	0.12036804	0.07402466	0.0053959475	0.05880244	0.010285596	0	0.0035731278	0	0	0	0	0	0	0	0	0	0	0	0	0
2-4_bin.16	0	0.0033825152	0	0.11931402	0	0.007761971	0.012076173	0.02846611	0.012090383	0	0.021065783	0	0	0	0	0	0	0	0	0	0	0	0	0
2-4_bin.18	0.004640923	0.011936831	0.0043931766	0.29827365	0.172171	0.19409719	0.022013312	0.14278352	0.078051694	0.013318719	0.027707675	0.0050238874	0.020109044	0.0063419947	0.015588895	0	0	0	0.0064962697	0	0	0	0	0
2-4_bin.19	0	0.006687015	0	0.106698096	0.00486247	0.012095334	0.002797644	0	0	0	0	0	0	0	0	0	0	0	0	0	0	0	0	0
2-4_bin.2	0	0.0039743898	0	0.11399434	0.050439186	0	0	0.018070765	0.0036290607	0	0	0	0	0	0	0	0	0	0	0	0	0	0	0
2-4_bin.20	0	0	0	0.08604818	0.0748766	0	0	0	0	0	0	0	0	0	0	0	0	0	0	0	0	0	0	0
2-4_bin.21	0	0	0	0.08374429	0.033845678	0	0	0	0	0	0	0	0	0	0	0	0	0	0	0	0	0	0	0
2-4_bin.22	0.0071462574	0.0051489095	0.042144917	0.14005987	0.065030366	0.09712807	0.006460959	0.04325764	0.04621631	0.0032129171	0.02491554	0	0.006273257	0	0	0	0	0	0	0	0	0	0	0
2-4_bin.23	0.085981	0.02095428	0.053928897	0.16885094	0.15488307	0.16547671	0	0.022249775	0.025154294	0	0.0069684936	0	0	0	0	0	0	0	0	0	0	0	0	0
2-4_bin.24	0.015052194	0.008667086	0.00813764	0.1988304	0.020910513	0.022896409	0.010020087	0.021925198	0.018960979	0	0	0	0	0	0	0	0	0	0	0	0	0	0	0
2-4_bin.25	0.04068583	0.012066001	0.034201287	0.094247214	0.0609768	0.063256666	0.005187416	0.034095027	0.02825743	0.020655936	0.01677008	0.008061073	0.014643214	0.0059861164	0.020533055	0	0	0.0040865713	0	0	0	0	0	0
2-4_bin.26	0.022027556	0.015213283	0.04173007	0.13925637	0.07886635	0.07688119	0.008478339	0.046530504	0.019885013	0.0030374776	0.010226712	0	0.0028241407	0	0	0	0	0	0	0	0	0	0	0
2-4_bin.27	0.010076587	0.013473619	0.0046094195	0.23464587	0.078840986	0.06447038	0.009554032	0.052524734	0.035295866	0	0.0058426666	0	0	0	0	0	0	0	0	0	0	0	0	0
2-4_bin.28	0.04731179	0.006842934	0	0.115808725	0	0.025954364	0	0	0	0	0	0	0	0	0	0	0	0	0	0	0	0	0	0
2-4_bin.29	0	0.0025915648	0	0.079776876	0.036665417	0.16658413	0	0.011872586	0.002915252	0	0	0	0	0	0	0	0	0	0	0	0	0	0	0
2-4_bin.4	0	0	0	0.14019085	0.0038354388	0.010941238	0.0060821674	0.01809092	0.009189111	0	0	0	0	0	0	0	0	0	0	0	0	0	0	0
2-4_bin.5	0	0	0	0.09065551	0.009852651	0	0	0.011812846	0.0036727192	0	0	0	0	0	0	0	0	0	0	0	0	0	0	0
2-4_bin.6	0.067945816	0.11444042	0.058773827	0.2815394	0.06543515	0.037593488	0.10851209	0.056574658	0.041420456	0	0.007742127	0	0.0054699522	0	0	0	0	0	0	0	0	0	0	0
2-4_bin.9	0	0	0	0.08185159	0.006918779	0.03372561	0	0	0	0	0	0	0	0	0	0	0	0	0	0	0	0	0	0
2-56_bin.10	0	0	0	0	0.41408747	0	0	0	0	0	0	0	0	0	0	0	0	0	0	0	0	0	0	0
2-56_bin.12	0.005790547	0.0063377162	0	0.13463809	0.14607136	0.009007588	0.01061815	0.010746514	0.00968361	0	0	0	0	0	0	0	0	0	0	0	0	0	0	0
2-56_bin.13	0.027921295	0.012981399	0.022635143	0.05500838	0.07920747	0.116252646	0	0.021458246	0.013816307	0	0.015420509	0	0	0	0.004951235	0	0	0	0	0	0	0	0	0
2-56_bin.14	0	0	0	0	0.13037671	0	0	0	0	0	0	0	0	0	0	0	0	0	0	0	0	0	0	0
2-56_bin.15	0	0	0.0028908988	0.0034985002	0.0944663	0.020306477	0	0	0	0	0	0	0	0	0	0	0	0	0	0	0	0	0	0
2-56_bin.16	0.014127497	0.010459247	0	0.018320724	0.13388275	0.11581944	0.0044704033	0.054422986	0.036190312	0	0.015099859	0	0	0	0	0	0	0	0.041989643	0	0	0	0	0
2-56_bin.17	0.003907957	0.004173458	0	0.011254832	0.24297664	0.014669484	0	0.010040862	0.01000035	0	0.0065593435	0	0	0	0	0	0	0	0	0	0	0	0	0
2-56_bin.18	0	0	0	0.01527079	0.13192257	0.009916529	0	0.05396648	0.0538264	0.0039861314	0.019565996	0	0	0	0	0	0	0	0.003474494	0	0	0	0	0
2-56_bin.19	0	0	0	0	0.08944049	0	0	0	0	0	0.0090098465	0	0	0	0	0	0	0	0	0	0	0	0	0
2-56_bin.2	0	0.005154182	0	0.102262564	0.26215258	0.036097933	0	0.026027095	0.023237083	0	0.03968309	0	0	0	0	0	0	0	0	0	0	0	0	0
2-56_bin.21	0.027037127	0.035845824	0.022877915	0.09271309	0.55608636	0.19559914	0.015401921	0.033967886	0.02353836	0.0066596465	0.009387378	0	0.0078041977	0	0	0	0	0	0.016729202	0	0	0	0	0.007277554
2-56_bin.22	0	0	0	0.013191548	0.16326012	0.014609796	0	0.0052810013	0	0	0	0	0	0	0	0	0	0	0	0	0	0	0	0
2-56_bin.23	0.003512625	0.011933028	0.0055718413	0.10155702	0.148017	0.13813171	0.010791478	0.117356144	0.14696978	0.005931153	0.046817124	0.0038098134	0.0139127	0	0.011599187	0	0	0	0.017048998	0	0	0	0	0
2-56_bin.24	0	0.008925732	0	0.036910143	0.38467053	0.25695524	0.0041321716	0.017744765	0.010238566	0	0	0	0	0	0	0	0	0	0	0	0	0	0	0
2-56_bin.25	0	0	0	0	0.10916771	0.013919506	0	0	0	0	0	0	0	0	0	0	0	0	0	0	0	0	0	0
2-56_bin.26	0	0	0	0	0.13593929	0	0	0.01666552	0	0	0	0	0	0	0	0	0	0	0	0	0	0	0	0
2-56_bin.27	0	0	0	0.004240583	0.097408645	0.01736315	0	0.011426616	0	0	0	0	0	0	0	0	0	0	0	0	0	0	0	0
2-56_bin.29	0.0067902533	0.014508464	0	0.08488527	0.11003838	0.0074089095	0.010110996	0	0	0	0	0	0	0	0	0	0	0	0	0	0	0	0	0
2-56_bin.3	0	0.012508084	0.008033665	0.40769982	0.19747603	0.0550954	0.009651223	0.034177016	0.015049188	0	0	0	0	0	0	0	0	0	0	0	0	0	0	0
2-56_bin.30	0.014382103	0.007392233	0	0.0049277064	0.13164887	0.025290802	0	0.0077180974	0.0038875735	0	0	0	0	0	0	0	0	0	0	0	0	0	0	0
2-56_bin.32	0.030467793	0.020498687	0.056873593	0.05832784	0.07726461	0.050013952	0.007252513	0.018587323	0.007853183	0	0.003664882	0	0	0	0	0	0	0	0	0	0	0	0	0
2-56_bin.4	0.052273996	0.011359114	0.072792344	0.047060642	0.16497672	0.12877618	0	0.019848201	0.009200388	0	0.009198806	0	0	0	0	0	0	0	0	0	0	0	0	0
2-56_bin.5	0	0	0	0.011365335	0.27615276	0	0	0.018973768	0.006284545	0	0	0	0	0	0	0	0	0	0	0	0	0	0	0
2-56_bin.6	0	0.0026048943	0	0.012968629	0.09639719	0.04307677	0	0.0074133365	0.00404863	0	0	0	0	0	0	0	0	0	0	0	0	0	0	0
2-56_bin.8	0	0	0	0	0.11957895	0	0	0	0	0	0	0	0	0	0	0	0	0	0	0	0	0	0	0
2-56_bin.9	0	0.002850799	0	0.047392346	0.12999256	0.014469711	0	0.030266415	0.02604052	0	0.0044411346	0	0	0	0	0	0	0	0	0	0	0	0	0
2-66_bin.1	0.04818477	0.017533917	0.044879466	0.06552883	0.054146647	0.07767337	0.0061924313	0.024880795	0.011110002	0	0.0059650745	0	0	0	0	0	0	0	0	0	0	0	0	0
2-66_bin.10	0.0044144704	0.003101175	0.0050630025	0.0059090364	0.014823277	0.09135734	0	0.016446678	0.0047791437	0	0	0	0	0	0	0	0	0	0	0	0	0	0	0
2-66_bin.11	0	0.0030478977	0	0.03975512	0.012679942	0.14633286	0.004469945	0.045617476	0.033291843	0	0.009110502	0	0	0	0	0	0	0	0	0	0	0	0	0
2-66_bin.12	0.15721509	0.017418759	0.18346387	0.07814846	0.14950176	0.48279592	0	0.016185693	0.009510887	0	0.012638072	0	0	0	0	0	0	0	0	0	0	0	0	0
2-66_bin.13	0.014696757	0	0	0.0060574133	0.014975675	0.1780659	0	0	0	0	0	0	0	0	0	0	0	0	0	0	0	0	0	0
2-66_bin.14	0.030832153	0.0041608857	0.024794674	0.049028292	0.030617883	0.12145143	0.004221523	0.059810773	0.051459536	0.017649177	0.058491185	0.00465377	0	0	0.0057491614	0	0	0	0	0	0	0	0	0
2-66_bin.15	0.0034551236	0	0.0034734034	0.02001554	0.0074159764	0.098321274	0	0.032183792	0.012668463	0.005714853	0.009144651	0	0	0.0055403328	0.005494966	0.0049964646	0.00906254	0.006038018	0	0.0066755135	0.0055102734	0	0.0067886612	0.0072350493
2-66_bin.16	0	0	0	0.0732514	0.0065921466	0.05031206	0	0	0	0	0	0	0	0	0	0	0	0	0	0	0	0	0	0
2-66_bin.17	0	0	0	0.0032720787	0	0.14765692	0	0.0033369586	0	0	0	0	0	0	0	0	0	0	0	0	0	0	0	0
2-66_bin.19	0.01763952	0	0	0.010978682	0	0.11338892	0	0.0068924963	0.00766637	0	0.004695392	0	0	0	0	0	0	0	0	0	0	0	0	0
2-66_bin.2	0.041575767	0.012352477	0.03463643	0.076675266	0.06145399	0.08647393	0.004521432	0.034212537	0.02866688	0.02052928	0.015757076	0.0069938637	0.014281874	0.0056884075	0.019885415	0	0	0	0	0	0	0	0	0
2-66_bin.20	0	0	0.012412285	0	0.015452872	0.1282395	0	0.021575741	0.006004762	0	0	0	0	0	0	0	0	0	0	0	0	0	0	0
2-66_bin.22	0	0	0.014223829	0.0076571745	0.0031936124	0.119821884	0	0.017765258	0.008409051	0	0.0070177307	0	0	0	0	0	0	0	0.008178283	0	0	0	0	0
2-66_bin.23	0.013626289	0.014475879	0.052447986	0.0803597	0.012145351	0.06316823	0.06559798	0.03453566	0.025440846	0.030664947	0.009479708	0.008000794	0.02794563	0	0.014008481	0	0	0	0	0	0	0	0	0
2-66_bin.24	0.020482684	0.007411832	0.07008826	0.034685344	0.050909188	0.11195972	0.012432125	0.017182874	0.009254474	0	0	0	0	0	0	0	0	0	0	0	0	0	0	0
2-66_bin.25	0	0	0	0.0021852334	0.050621863	1.06872	0	0	0	0	0	0	0	0	0	0	0	0	0	0	0	0	0	0
2-66_bin.26	0.06231554	0.014332661	0.020676479	0.083679505	0.06294546	0.10960977	0	0.01765237	0.014367508	0	0	0	0	0	0	0	0	0	0	0	0	0	0	0
2-66_bin.27	0.008067849	0.008125376	0.021208735	0.060628086	0.009126841	0.23207235	0.01689434	0.004956142	0	0	0	0	0	0	0	0	0	0	0	0	0	0	0	0
2-66_bin.28	0	0	0	0.016459445	0.04383883	0.27972224	0	0	0	0	0	0	0	0	0	0	0	0	0	0	0	0	0	0
2-66_bin.29	0.010518576	0.005467886	0.018083567	0.0648277	0.05888629	0.15918012	0	0.041280713	0.025178164	0.0052197515	0.03474498	0	0	0	0.007967566	0	0	0	0.0041444944	0	0	0	0	0
2-66_bin.4	0.036931966	0.02177797	0.0073413244	0.018722191	0.0864916	0.11162898	0.0037819461	0.042563945	0.02882897	0	0.011226389	0	0	0	0	0	0	0	0.03126603	0	0	0	0	0
2-66_bin.6	0	0	0	0	0	0.08325662	0	0.0027448803	0.0035671077	0	0	0	0	0	0	0	0	0	0	0	0	0	0	0
2-66_bin.9	0.0099601485	0.0066098296	0.024119932	0.014053911	0.0216957	0.062967286	0.018302003	0.051070254	0.05713922	0.08095401	0.08385251	0.0127681745	0.027007015	0.004894689	0.024844754	0.015135608	0.016093383	0.023872105	0.017435163	0.006151367	0.014018692	0.0048655593	0.0055543357	0.0122262975
3-26_bin.1	0.004021858	0	0	0	0	0	0.5129691	0	0	0	0	0	0.01200925	0	0	0	0	0	0	0	0	0	0	0
3-26_bin.10	0	0	0	0	0	0	0.14966947	0	0	0	0	0	0	0	0	0	0	0	0	0	0	0	0	0
3-26_bin.11	0	0	0	0	0	0	0.14730173	0	0	0	0	0	0.007072162	0	0	0	0	0	0	0	0	0	0	0
3-26_bin.13	0.024079554	0.011067132	0.06266193	0.06570944	0.013232226	0.031080442	0.547338	0.018672915	0.0071023605	0	0	0	0.003990829	0	0	0	0	0	0	0	0	0	0	0
3-26_bin.14	0.009422116	0.0060005225	0	0.046672706	0.011645646	0.011653004	0.23823173	0.016298357	0.005794692	0	0	0	0.0043193307	0	0	0	0	0	0	0	0	0	0	0
3-26_bin.15	0.0026541569	0	0	0	0	0	0.11967911	0	0	0	0	0	0	0	0	0	0	0	0	0	0	0	0	0
3-26_bin.16	0.038311366	0.048120514	0.0070434217	0.06930544	0.009799095	0.011641404	0.8834892	0.028365487	0.010923222	0	0	0	0	0	0	0	0	0	0	0	0	0	0	0
3-26_bin.17	0	0	0	0	0	0	0.107991636	0	0	0	0	0	0	0	0	0	0	0	0	0	0	0	0	0
3-26_bin.18	0.021967797	0.15470825	0.026313772	0	0.012237879	0	0.06981986	0	0	0	0	0	0	0	0	0	0	0	0	0	0	0	0	0
3-26_bin.19	0	0	0	0	0	0	0.3493334	0	0	0	0	0	0	0	0	0	0	0	0	0	0	0	0	0
3-26_bin.2	0	0	0	0	0	0	0.13472554	0	0	0	0	0	0	0	0	0	0	0	0	0	0	0	0	0
3-26_bin.20	0.009534942	0.008448914	0	0	0.0044252984	0.008363909	0.20307489	0.00960885	0.006299486	0	0	0	0	0	0	0	0	0	0	0	0	0	0	0
3-26_bin.3	0.00775767	0.009515555	0.011695686	0	0	0	0.40464485	0	0	0	0	0	0.012733465	0	0	0	0	0	0	0	0	0	0	0
3-26_bin.4	0.007569393	0.0061955107	0.018371036	0.09061775	0.035615698	0.0072181323	0.35539684	0.01757007	0.0060085193	0.0039303945	0	0	0.010322725	0	0	0	0	0	0	0	0	0	0	0
3-26_bin.5	0.011452202	0	0	0	0	0	0.48628342	0.028586784	0.0042556385	0	0	0.005010826	0.016003978	0	0	0	0	0	0.011237715	0	0	0	0	0
3-26_bin.6	0	0	0	0	0	0	0.1125126	0.003205619	0.005220957	0	0	0	0	0	0	0	0	0	0	0	0	0	0	0
3-26_bin.8	0	0	0	0	0	0	0.219818	0	0.008149394	0	0	0	0	0	0	0	0	0	0	0	0	0	0	0
3-26_bin.9	0	0	0	0	0	0	0.16446145	0	0	0	0	0	0	0	0	0	0	0	0	0	0	0	0	0
3-26_vamb_9119	0	0	0	0	0	0	0.1058006	0	0	0	0.013958003	0.0042036157	0.00583622	0	0	0	0	0	0	0	0	0	0	0
3-4_bin.10	0	0	0	0.01281941	0	0.004956526	0.0059661474	0.1394475	0.051924855	0	0.0035431606	0	0.007183753	0	0	0	0	0	0	0	0	0	0	0
3-4_bin.11	0.0036203489	0.008954301	0.0028574204	0.16634163	0.14046136	0.13809076	0.023049444	0.1633353	0.08791754	0.014770319	0.030054584	0.005251112	0.023331726	0.007892957	0.018312395	0	0	0	0.005327274	0	0	0	0	0
3-4_bin.12	0	0	0	0	0	0	0.004487568	0.09918043	0.021856995	0	0	0.007312291	0.008195931	0	0	0	0	0	0	0	0	0	0	0
3-4_bin.13	0.0862672	0.026556347	0.016163247	0.29926103	0.04765295	0.104931116	0.056128245	0.23985076	0.10066311	0.0051545873	0.007296256	0	0.108343415	0	0.017188394	0.025322953	0	0.0063715735	0.017216485	0	0	0.012461602	0	0.009735049
3-4_bin.14	0	0	0	0.018323256	0.041258372	0.0070398846	0.017056912	0.078859046	0.010224573	0	0	0	0	0	0	0	0	0	0	0	0	0	0	0
3-4_bin.15	0.005798359	0	0.01047501	0.0034531928	0.0029582009	0.0033844302	0.038337573	0.1008669	0.009909537	0	0	0	0.006365315	0	0	0	0	0	0	0	0	0	0	0
3-4_bin.16	0	0	0	0	0	0	0	0.0863687	0	0	0	0	0	0	0	0	0	0	0	0.014577419	0	0	0	0
3-4_bin.18	0	0	0	0	0	0	0	0.12278406	0	0	0	0	0	0	0	0	0	0	0	0	0	0	0	0
3-4_bin.19	0	0	0	0	0.0024247284	0.019719804	0	0.10936139	0.0058097197	0	0.008012202	0	0	0	0	0	0	0	0	0	0	0	0	0
3-4_bin.2	0	0	0	0	0.0096252635	0	0.009273169	0.2828454	0	0.010258725	0.006936265	0	0.03970269	0.016341114	0.009780165	0.010139732	0.014075569	0.014804397	0.081100464	0.016531426	0.028282091	0.038184594	0.011138981	0.0102049485
3-4_bin.20	0	0	0	0	0	0	0	0.10409077	0	0	0	0	0	0	0	0	0	0	0	0	0	0	0	0
3-4_bin.3	0.014579605	0.015219332	0.04860438	0.0667253	0.012026753	0.033730563	0.06763796	0.057702556	0.032404043	0.046060234	0.009468931	0.013234651	0.05463722	0	0.014975638	0	0	0	0	0	0	0	0	0
3-4_bin.4	0.007922444	0.0034338802	0.006879859	0.010376934	0.0030146504	0.033688944	0.013903479	0.04592739	0.062055882	0.030494262	0.028654918	0.008801128	0.04361101	0.006496012	0.039063968	0	0	0.004069464	0.009526301	0.011061512	0.003884472	0	0	0
3-4_bin.5	0	0	0	0.04855377	0.004532117	0.04256297	0.027260834	0.13078596	0.04435999	0.0035419129	0.07006531	0	0.0057286997	0	0.0040669427	0	0	0	0.008949824	0	0	0	0	0
3-4_bin.6	0	0	0	0.05161045	0.09075733	0.012738019	0	0.12682217	0.011510218	0	0	0	0	0	0	0	0	0	0	0	0	0	0	0
3-4_bin.9	0	0	0	0.018680118	0.014190692	0.023116587	0.0074664713	0.17434716	0.10713135	0.009968815	0.034912184	0	0.009702012	0	0.005244693	0	0	0	0	0	0	0	0	0
3-5_bin.1	0	0	0	0.009811655	0	0.004512859	0.0053056097	0.038979903	0.19994296	0	0.0037839846	0	0.010139411	0	0	0	0	0	0	0	0	0	0	0
3-5_bin.10	0	0	0	0	0	0	0	0	0.13640425	0.034603078	0.006890278	0.053032693	0.052847926	0.0075306823	0.011655202	0.0071996893	0	0.005780617	0.0043732994	0.0063052857	0.016819272	0.008576586	0.010231321	0.0057309875
3-5_bin.11	0.016771482	0	0.018815491	0.031086175	0.015353893	0.065156095	0.0029199237	0.043803636	0.06343162	0.014138613	0.05485246	0.004532279	0	0	0.0075458083	0	0	0	0	0	0	0	0	0
3-5_bin.12	0.06763582	0.023482379	0.014387083	0.21424867	0.049738284	0.09222209	0.04465119	0.15219899	0.12590274	0.009967153	0.030372217	0.006199901	0.08969911	0.006936288	0.026069477	0.023382023	0	0.008805083	0.028393878	0.006892335	0.010430993	0.014222752	0.0058165737	0.014242704
3-5_bin.13	0.0051588295	0	0.012059598	0.051392954	0.004844464	0.04339391	0.0700356	0.026726764	0.16858165	0.037794393	0.016949581	0.0051131845	0.05642613	0	0.01721086	0	0	0	0	0	0	0	0	0
3-5_bin.2	0	0	0	0.027397454	0.0089180665	0.018487835	0.009127565	0.076620184	0.293277	0.005136193	0.31317648	0	0	0	0.030951705	0.008162428	0.0069688307	0.029667016	0.033197694	0	0	0	0	0.0068741934
3-5_bin.4	0.04071971	0.04539537	0.022293368	0.061311264	0.018527037	0.014944519	0.055343352	0.027509173	0.1435269	0	0.022507435	0	0.008363793	0	0	0	0	0	0	0	0	0	0	0
3-5_bin.6	0.010909425	0.0066836705	0.02391681	0.017571919	0.008554764	0.02518687	0.06653831	0.11003792	0.13426764	0.02113691	0.057715703	0.0040735463	0.03921165	0	0.02845731	0.0069530457	0	0.0079976395	0.006376539	0.011257033	0.012113215	0	0	0.018317726
3-5_bin.7	0	0	0	0.008466605	0	0	0	0.019924885	0.14106011	0	0.0086884275	0	0	0	0	0	0	0	0	0	0	0	0	0
3-5_bin.8	0	0	0	0.009610779	0.0034873392	0.01099981	0	0.027041372	0.10786861	0	0.01791905	0	0	0	0	0	0	0	0	0	0	0	0	0
3-5_bin.9	0.051548716	0.02844983	0.014632309	0.04512702	0.0964956	0.05598013	0.018807039	0.16343206	0.32289633	0.022769462	0.039689038	0.011270266	0.023210306	0.008183291	0.018553361	0.008103169	0.013190855	0.013767161	0.026378667	0	0.008458744	0	0	0.009259165
4-2_bin.1	0.0072525423	0.0067427554	0.0069189356	0.03036911	0.017990043	0.01819932	0.016853051	0.023303298	0.024168197	0.2137084	0.037128627	0.07772207	0.021834612	0.034270726	0.06107104	0.013887844	0.010722771	0.0144727575	0.011871201	0.013453345	0.02314745	0.0082093105	0.013675091	0.017193723
4-2_bin.10	0	0	0	0	0	0	0	0	0	0.2086774	0	0	0	0.03142393	0.05901392	0.010356992	0.005841337	0	0.0060561355	0.023498647	0.030651694	0	0	0.0069250716
4-2_bin.12	0	0	0	0	0	0	0	0	0	0.16667296	0.007467944	0.018475013	0	0.046823133	0.33261773	0	0.0049574315	0	0	0.010765614	0.0059595215	0	0	0
4-2_bin.13	0	0	0	0	0	0	0	0	0	0.29091433	0.046035923	0.10953425	0.007352812	0.12193797	0.18500488	0.014031338	0.0069377553	0.008210546	0	0.057765957	0.018641809	0.0102812825	0.012539779	0.013793022
4-2_bin.14	0	0	0	0	0	0	0	0	0	0.109508246	0.007604194	0.025953434	0.006881834	0.008904648	0.008819141	0	0	0	0	0.012295294	0.019967163	0	0.005326218	0.008424858
4-2_bin.2	0	0	0	0	0	0	0	0	0	0.11211584	0	0.006385687	0	0	0	0.003109793	0	0	0	0	0.006240004	0	0	0
4-2_bin.4	0.0033622899	0	0.0032404815	0	0	0	0.005103398	0.004696367	0.010151874	0.17976812	0.07075583	0.039234176	0.14511193	0.0062984447	0.01266638	0	0	0	0.007869942	0.029670848	0.0060429107	0	0	0
4-2_bin.5	0	0	0	0	0	0	0	0	0	0.1033452	0.024792628	0.049616173	0.035999276	0.03271715	0.07160068	0.011599601	0.008385826	0.009259741	0.00731437	0.023881938	0.02114524	0	0	0.0072350143
4-2_bin.6	0	0	0.015014568	0.054669827	0.0050988183	0.020830002	0.016690956	0.028177984	0.055415276	0.2133704	0.027690802	0.17368452	0.068468735	0.029826103	0.12112103	0.098995194	0.014062102	0.048613973	0.085875474	0.025947927	0.032961883	0.19325632	0.005386344	0.026165275
4-2_bin.7	0.0030492544	0	0.005315082	0	0.0033959222	0.0043028556	0	0.0055002375	0.009462644	0.14539628	0.020244507	0.026330976	0.020206356	0.018289832	0.058302145	0.035579838	0.035757028	0.03385394	0.015228947	0.022663867	0.036087833	0.010700834	0.01075513	0.023629557
4-2_bin.8	0	0	0	0	0	0	0	0	0	0.13599502	0	0.0064180666	0	0	0	0	0	0	0	0	0	0	0	0
4-2_bin.9	0	0	0	0	0	0.003209985	0	0.0051187314	0.018618437	0.130225	0.09526062	0.060867656	0.019378811	0.07629165	0.2402857	0.08691832	0.07002459	0.08827848	0.023341399	0.11469733	0.07939537	0.07333129	0.019846901	0.038370896
4-6_bin.1	0.01766943	0	0.02420438	0.028529346	0.0105353845	0.049821507	0.0043212674	0.03962852	0.0364188	0.014677832	0.09371561	0.006257458	0	0	0.0072579626	0	0	0	0.004817284	0	0	0	0	0
4-6_bin.10	0	0	0	0	0	0	0	0	0	0	0.11478218	0.0043906765	0	0	0.005407099	0	0	0.006362558	0.0051505347	0	0	0	0	0
4-6_bin.11	0	0	0	0.0068666623	0.0038216305	0	0	0.0933368	0.033696122	0	0.19275059	0	0	0	0.0062311776	0	0	0	0	0	0	0	0	0
4-6_bin.12	0	0	0	0	0	0	0	0	0.0057494235	0	0.10239921	0	0	0	0	0	0	0	0	0	0	0	0	0
4-6_bin.13	0.0025918765	0	0.0032084573	0	0	0	0	0	0	0.044361953	0.24744433	0.018804155	0.028818168	0.010153863	0.035165273	0.015092477	0.00867239	0.031422134	0.039388854	0.055811476	0.013403877	0	0.00557499	0.025580548
4-6_bin.14	0	0	0	0	0	0	0.0036667222	0.009884038	0.0038603737	0	0.13516563	0.0060115964	0.01116783	0	0	0	0	0	0	0	0	0	0	0
4-6_bin.15	0.0057285987	0	0	0.013753265	0.006646894	0.0066176224	0.038069922	0.019666817	0.035200473	0.007709179	0.19311841	0.0049268412	0.030626537	0	0	0	0	0	0	0	0	0	0	0
4-6_bin.16	0	0	0	0	0	0	0	0	0	0.004407404	0.10508313	0	0	0	0	0	0	0	0.023812355	0	0	0	0	0
4-6_bin.17	0	0	0	0	0	0	0	0	0	0.022550749	0.12289093	0.013988436	0.010619484	0.009526737	0.05518611	0.0066488693	0.004624231	0.023343377	0.0061882543	0.065971375	0.011262302	0	0.004827534	0.0074653504
4-6_bin.18	0	0	0	0	0	0	0	0	0	0.007122172	0.11052542	0.015542438	0	0.006358438	0.007450851	0.0034560612	0.0045070844	0.0032648768	0.0075128064	0	0.003691729	0.0061625266	0	0
4-6_bin.19	0	0	0	0	0	0	0	0	0	0	0.14366652	0	0	0	0	0	0	0	0	0	0	0	0	0
4-6_bin.2	0	0	0	0.02570734	0.008649299	0.018640006	0.009779286	0.070930116	0.23548055	0.0057223737	0.32591563	0.0045104586	0	0	0.03048517	0.00933419	0.00835271	0.035151564	0.039873794	0	0	0	0	0.008321394
4-6_bin.20	0	0	0	0	0	0	0	0	0	0.0470326	0.13599546	0.030896788	0.005909717	0.018096078	0.017930157	0.010821621	0.023344269	0.016866509	0.038284604	0	0.01814554	0	0	0
4-6_bin.21	0	0	0	0	0	0	0	0	0	0	0.109342515	0.012953011	0	0.0045134085	0	0	0	0	0	0	0	0	0	0
4-6_bin.3	0.008211992	0.005822192	0.011077457	0.0035208028	0.0061262506	0.005939956	0.005777887	0.008090695	0.014646668	0.08664898	0.16378987	0.043626383	0.040089812	0.005854893	0.009589207	0.017389111	0.020465013	0.02733496	0.018626845	0.0063102976	0.0142413825	0.0055249734	0.006250826	0.012734019
4-6_bin.4	0	0	0	0.005694107	0	0.006170904	0	0.028663699	0.07888738	0	0.1985324	0	0	0.004982122	0.027211612	0.009522278	0.010791718	0.015199401	0.006764124	0	0	0	0.0070105237	0.006993328
4-6_bin.5	0	0	0	0	0	0	0	0	0	0.042938404	0.13380253	0.014637757	0	0.027427368	0.015138813	0.007023995	0	0.0049098795	0	0.009448441	0.0042591398	0	0	0.004326863
4-6_bin.7	0.0084212925	0.013809811	0	0	0	0	0	0.0059771906	0.027068323	0	0.13792644	0	0.003285733	0	0	0	0	0	0.008643273	0	0	0	0	0
4-6_bin.8	0.0075685694	0.0034221064	0.006632739	0.008226496	0.002481874	0.029871551	0.012519882	0.033057738	0.054507125	0.031676624	0.033463646	0.009357321	0.046422992	0.0066536306	0.040962026	0	0	0.003563346	0.009724506	0.012039784	0.0040496644	0	0	0
4-6_bin.9	0	0	0	0	0	0	0	0	0	0	0.114276685	0	0	0	0	0	0	0	0	0	0	0	0	0
4-7_bin.1	0	0.005297696	0	0	0	0	0.009949079	0.004572407	0	0.004012215	0	0.14570145	0.009503396	0.0052542966	0.016494509	0.0073461877	0	0.0041636657	0.037636537	0.006090544	0.012054796	0.022033215	0	0.010202586
4-7_bin.2	0.009018734	0.006002698	0.0040627155	0.004236228	0.0032727795	0.004637254	0.011208917	0.010884204	0.009679198	0.05342165	0.018768243	0.31546047	0.045574218	0.20003626	0.050874677	0.10565291	0.10502452	0.057263535	0.023944877	0.15310137	0.07789825	0.16652301	0.15075032	0.07541475
4-7_bin.3	0	0	0	0	0	0	0	0	0	0.063612305	0.01780734	0.14181502	0.014448038	0.0056668306	0.013535816	0.013398147	0.009836948	0.011075928	0.0063320934	0.07896543	0.03334751	0	0.009502362	0.024946762
4-7_bin.4	0	0	0	0	0	0	0	0	0	0.1547412	0.028063515	0.274263	0.0052549895	0.012107495	0.011583487	0.004551203	0.0052651525	0.0054152017	0.011838179	0.006108704	0.017566087	0.008781283	0	0
4-7_bin.5	0	0	0	0	0	0	0	0	0	0.050296407	0.01589178	0.090433836	0	0.060120687	0.05509139	0.0047049425	0.0036913261	0	0	0.058865864	0.0051092478	0	0	0
4-7_bin.6	0	0	0	0	0	0	0	0	0	0.028471004	0.012686193	0.1607902	0	0.02123357	0.06813068	0.00467045	0	0.0040381993	0.019701818	0.15337498	0.033883497	0.0062244353	0	0
5-5_bin.1	0	0	0	0	0	0	0.005727895	0.0058034966	0.0052437573	0	0	0	0.109460086	0	0	0	0	0	0	0	0	0	0	0
5-5_bin.2	0.011655844	0.013221775	0.0055420673	0.06709144	0.0027046755	0.007968214	0.099587984	0.00929489	0.004820438	0.036516827	0	0.011526146	0.19776662	0	0.025774766	0.020754965	0	0.0077718454	0	0	0.014525197	0	0	0
5-6_bin.1	0	0	0	0	0	0	0	0	0.005848407	0.029230855	0.043275367	0.021710696	0.008694308	0.066446565	0.1276354	0.08549117	0.0709829	0.085450895	0.037772603	0.07190982	0.082555965	0.041192576	0.011239328	0.027747672
5-6_bin.11	0	0	0	0	0	0	0	0	0	0	0	0.036861576	0.0033785263	0.1771281	0	0.033481855	0.044514257	0.019285835	0.017298447	0	0.021609137	0.011765479	0.020666813	0.009023878
5-6_bin.12	0	0	0	0	0	0	0	0	0	0.008317268	0	0.016221384	0	0.33152384	0	0.019615676	0.038247667	0.00876055	0.066305	0.014508701	0.0418106	0.00949439	0	0.00850878
5-6_bin.13	0	0	0	0	0	0	0	0	0	0.0042181774	0	0.0065506552	0	0.11496295	0.013074436	0.06383848	0.028182365	0.015562784	0.0038304327	0.05843888	0.04977505	0.018689536	0.008020157	0.00995632
5-6_bin.15	0	0	0	0	0	0	0	0	0	0.04176943	0.011090436	0.040154725	0.008239349	0.10397209	0.059676517	0.110959984	0.07668826	0.053888313	0.017173346	0.043213043	0.069117054	0.036017712	0.021230845	0.047294404
5-6_bin.16	0	0	0	0	0	0	0.023227999	0	0.006477742	0.013687334	0.025076179	0.021948332	0.03484195	0.08850328	0.070433564	0.02110097	0.02713727	0.03068577	0.007928325	0.021576885	0.015727373	0	0	0.024024062
5-6_bin.2	0	0	0	0	0	0	0	0	0	0	0.011638799	0	0	0.36107743	0.0046507292	0.0051158955	0.008189861	0	0	0	0	0	0	0
5-6_bin.4	0	0	0	0	0	0	0	0	0	0	0	0.006233181	0	0.1584655	0.011635925	0.005719152	0.013499635	0.007028308	0	0.009722837	0.01598179	0.024116889	0.007940376	0.0044043353
5-6_bin.5	0	0	0	0	0	0	0	0	0	0.023227869	0.008378416	0.033040687	0.011288107	0.32811177	0.04772906	0.04001872	0.041696534	0.03372646	0.04263517	0.031987544	0.038176347	0.048577026	0.025897346	0.032473523
5-6_bin.6	0	0	0	0	0	0	0	0	0	0	0	0	0.01048108	0.40039256	0.008511745	0.00611729	0.0054312535	0	0	0.01133206	0.009246411	0.0078315865	0.02029418	0.0056412374
5-6_bin.7	0	0	0	0	0	0	0	0	0	0	0	0	0	0.07484182	0	0	0	0	0	0	0	0	0	0
5-6_bin.8	0	0	0	0	0	0	0	0	0	0	0	0	0	0.1305279	0.0037095095	0	0	0	0.012337537	0.047104165	0.009377293	0	0.010387849	0.006245066
5-6_bin.9	0	0	0	0	0	0	0	0	0	0.0152149685	0	0.035036422	0.0071270163	0.5513563	0.014182359	0.03307697	0.048034873	0.03242186	0.02520948	0.104954906	0.01289421	0.20248275	0.12615618	0.085445926
5-7_bin.1	0	0	0	0	0	0	0	0	0.008143227	0.03702431	0.04882151	0.04435604	0.00927985	0.056408398	0.20336388	0.09378239	0.07522452	0.09350297	0.03334124	0.077606805	0.08442398	0.050084993	0.014142515	0.03352809
5-7_bin.10	0	0	0	0	0	0	0	0	0.0039638584	0.22734228	0.08794117	0.17017344	0.051998045	0.15612929	0.1669031	0.009033615	0.016662823	0.03531319	0.009710198	0.007064383	0.020426176	0.008061003	0	0.008381265
5-7_bin.11	0	0	0	0.0065677166	0	0	0	0	0.0042654797	0.009764655	0	0.014699405	0.006893583	0.030578842	0.22305843	0.023541013	0.012858475	0.01791723	0.01538426	0.011663205	0.02589825	0.32523894	0.013895238	0.014533959
5-7_bin.13	0	0	0	0	0	0	0.022660641	0	0.006035119	0.012677744	0.025221508	0.03035655	0.03032889	0.045240156	0.29517817	0.02282125	0.018652918	0.018819544	0.0076547624	0.019368052	0.01135573	0	0	0.018909909
5-7_bin.14	0	0	0	0	0	0	0	0	0	0.011824991	0	0.011823533	0.004322588	0.018112773	0.21856323	0.004343467	0.005195155	0.005783183	0.039855707	0.014130193	0.011561457	0.025097203	0.0076099327	0.0158098
5-7_bin.15	0	0	0	0	0	0	0	0	0.0051546292	0.077908054	0.014327358	0.04435318	0.01098407	0.049175613	0.115076005	0.10925734	0.07981937	0.058944847	0.020113511	0.043947365	0.0686859	0.021780439	0.021385895	0.050636172
5-7_bin.16	0.004300645	0	0.004558936	0.019747976	0.012396577	0.012377417	0.010678342	0.016482417	0.017482765	0.02306914	0.01696654	0.017898869	0.0126115875	0.06372274	0.18758391	0.047365416	0.034207035	0.012888137	0.016076392	0.008041996	0.02185942	0.016374828	0.020390265	0.019157415
5-7_bin.17	0	0	0	0	0	0	0	0	0	0	0	0	0	0.03730203	0.14401565	0.034805156	0.007023358	0.014599858	0	0.0123530775	0.031174349	0.082214	0.005645409	0.008621402
5-7_bin.18	0	0	0	0	0	0	0	0	0	0.008858101	0	0.019921968	0	0.016917907	0.17343919	0.008188713	0.007939901	0.0047630207	0	0.0051114676	0.009131253	0	0.0070129754	0.006492916
5-7_bin.19	0	0	0	0	0	0	0	0	0	0	0	0	0	0.028930938	0.3066232	0.22340818	0.18479596	0.11264587	0	0	0	0.040781695	0.053208567	0.069598556
5-7_bin.2	0.004014271	0	0.0027967342	0.007908837	0	0.006952334	0.018924436	0.012165652	0.039646666	0.022134377	0.036843132	0.008358184	0.004229155	0.1227914	0.25341305	0.0056713214	0.006026098	0.035143778	0.030538652	0.06954661	0.015035286	0	0.0042371238	0
5-7_bin.20	0	0	0	0	0	0	0	0	0	0.021053778	0.006890601	0.023370408	0.009079991	0.016766405	0.11455765	0.030944638	0.03903463	0.032360177	0.008313903	0.01650966	0.018816529	0	0.017604072	0.030754726
5-7_bin.21	0.0032555282	0.0036820367	0	0.025384182	0	0.004901564	0.03981358	0.018077765	0.020238934	0.087347135	0.01461435	0.052725542	0.04366452	0	0.14714985	0.01512551	0	0.009688336	0.0133231925	0	0.014630292	0	0	0
5-7_bin.24	0	0	0.0035163192	0.003686323	0	0.0033365216	0.0070496695	0.0084984545	0.023422142	0.076004334	0.051577013	0.030417677	0.019387944	0.04892378	0.1750504	0.021107618	0.015640587	0.03009813	0.08088179	0.029807674	0.011628089	0	0	0.0070367497
5-7_bin.25	0	0	0	0	0	0	0	0	0	0	0	0	0	0.01462283	0.11900897	0	0	0	0	0	0.0073781447	0	0	0
5-7_bin.26	0	0	0	0	0	0	0	0	0	0.1116848	0.008220438	0.06210957	0.0070993076	0.24466002	0.25059783	0.086741924	0.062392995	0.010996921	0.007337521	0.13911541	0.11545742	0.027073305	0.029213693	0.015288691
5-7_bin.3	0.010937739	0.014108742	0.013688044	0.012465186	0	0	0.03417626	0.007963537	0.0068084616	0.012189764	0.12589245	0.009324344	0.024937067	0.006684718	0.1650126	0.007072971	0	0	0	0.009191068	0	0	0	0
5-7_bin.4	0	0	0	0	0	0	0	0	0	0	0	0	0	0.010101563	0.13307118	0	0	0	0	0	0	0	0	0
5-7_bin.5	0	0	0	0.0030409282	0	0.004762575	0	0.0118248835	0.01011891	0.017585596	0.013328021	0.005616048	0.005846261	0.013191923	0.12893455	0	0	0.005893045	0.0073813936	0.0076323696	0.0059218104	0	0	0.005776518
5-7_bin.6	0	0	0	0	0	0	0	0	0	0.03697095	0.03181916	0.04211175	0	0	0.14583726	0.012480372	0.006303208	0.0093711605	0	0	0.004905564	0	0	0
5-7_bin.7	0	0	0	0	0	0	0	0	0	0	0	0	0	0	0.13784748	0	0	0	0	0	0	0	0	0
5-7_bin.8	0.016429238	0.0067009665	0.009238235	0.029214365	0.037562963	0.06458548	0	0.03763217	0.03626003	0.015394971	0.040449075	0.008274859	0.007166747	0.21264105	0.27166492	0.02704801	0.024674142	0.025821751	0.07856995	0.032108232	0.05415702	0.06374017	0.016033001	0.030650584
5-7_bin.9	0	0	0	0	0	0	0	0	0	0.068796165	0.005534215	0.035642114	0	0.023891868	0.3241512	0	0	0	0.0037293662	0.007901756	0.0054691047	0.007513147	0	0
6-2_bin.1	0	0	0	0	0	0	0	0	0	0	0	0	0	0	0	0.10911775	0.009260854	0	0.0030556573	0	0	0	0	0
6-2_bin.12	0.0045777136	0	0	0.010543776	0.0044002975	0.0072760503	0.009423908	0.01129319	0.017415196	0.046240326	0.023406599	0.03001115	0.028367793	0.038809482	0.04967903	0.27960196	0.15764868	0.102273144	0.027032156	0.04723126	0.040018663	0.029235084	0.031092951	0.044263095
6-2_bin.13	0	0	0	0	0	0	0	0	0	0	0	0	0	0.008777337	0	0.2738829	0.21633789	0.1438437	0.085522704	0.019740783	0.0401609	0.02435957	0.03431441	0.0153328385
6-2_bin.14	0	0	0	0	0	0	0	0	0.006484749	0	0	0	0	0	0	0.17596136	0.10625561	0.04646222	0	0	0.0062399516	0	0.013702829	0.016552012
6-2_bin.15	0	0	0	0	0	0	0	0	0	0	0.013128862	0	0	0.011140009	0.014190594	0.19972827	0.15988924	0.07466753	0.020732626	0.01012926	0.02059174	0.044648796	0.056323443	0.06448977
6-2_bin.16	0	0	0	0	0	0	0	0	0	0.032467406	0.012543578	0.023262085	0.00963748	0.049623787	0.07764414	0.3560439	0.26841155	0.1697682	0.04296364	0.12550448	0.07307765	0.046211608	0.032108277	0.08896043
6-2_bin.17	0.010628422	0.0036877433	0.0060173366	0.004605472	0	0.009837038	0	0	0.007478536	0.013468361	0.01321724	0.013376659	0.012607484	0.057719745	0.041751556	0.2516781	0.19689791	0.17022349	0.03329735	0.025175111	0.041944727	0.040930387	0.0809312	0.086720645
6-2_bin.4	0.0055850563	0.008126098	0.0051536267	0.02093233	0	0.005075327	0.025979953	0.004179024	0	0.016200572	0	0.005072764	0.035581667	0	0.032199737	0.2360882	0.01769569	0.027658949	0	0	0.01805597	0	0	0.004316729
6-2_bin.6	0	0	0	0	0	0	0	0	0	0	0	0	0	0	0	0.121611565	0.029072054	0.04800181	0	0	0	0	0	0.015935658
6-2_bin.8	0	0	0	0	0	0	0	0	0	0	0	0	0	0	0	0.4200903	0.008574293	0.009249184	0	0	0.010493923	0	0.029748742	0.019287687
6-2_bin.9	0	0	0	0	0	0	0	0	0.00382984	0.06449821	0.0172649	0.06765276	0.011631136	0.09713367	0.11223136	0.28901392	0.13310377	0.08544854	0.025606513	0.052649405	0.07867304	0.02917763	0.03344736	0.079375096
6-3_bin.1	0	0	0	0	0	0	0	0	0	0	0	0	0	0	0	0	0.14064133	0	0.0042973575	0	0	0	0	0.005790716
6-3_bin.2	0	0	0	0	0	0	0	0	0	0	0	0	0	0	0	0.034736387	0.08376619	0.029463725	0	0	0.012015628	0.008329488	0.072717875	0.032951
6-3_bin.3	0	0	0	0	0	0	0	0	0	0	0	0	0	0	0	0.0348444	0.16614819	0.035033964	0	0	0	0	0	0
6-3_bin.4	0	0	0	0	0	0	0	0	0.0046452107	0.022759102	0.03927621	0.01808754	0.007776979	0.0412003	0.10673547	0.07951824	0.08577125	0.07794212	0.04015729	0.06390787	0.07614503	0.030527331	0.017992135	0.024614755
6-3_bin.5	0	0	0	0	0	0	0	0	0	0	0	0	0	0.0051300577	0.004873594	0.012530662	0.27363503	0.005312416	0	0	0.011963092	0.038434133	0.03995107	0.0037001972
6-3_bin.6	0	0	0	0	0	0	0	0	0	0	0	0	0	0	0	0.023354251	0.25457203	0	0	0	0	0.005540618	0.005673149	0
6-3_bin.8	0	0	0	0	0	0	0	0	0	0	0	0	0	0	0	0.08221713	0.042868685	0.033787142	0	0	0	0	0	0.016341265
6-3_bin.9	0	0	0	0	0	0	0	0	0	0.0076987855	0	0	0	0.0135014905	0.019116294	0.091048434	0.19662738	0.065980904	0.0077954996	0.022788793	0.076484464	0.048696112	0.23892121	0.015996272
6-3_vamb_24029	0	0	0	0	0	0	0	0	0	0	0	0.0038731548	0	0	0	0.060974173	0.07882688	0.04932567	0	0.015495767	0.03207171	0.023694623	0.073530965	0.039845366
6-4_bin.1	0	0	0	0	0	0	0	0	0	0	0	0	0	0	0	0.054827143	0.029497351	0.14760797	0	0	0.005959832	0.0050195614	0.007869886	0.020930555
6-4_bin.10	0	0	0	0	0	0	0	0	0	0	0	0	0	0	0	0.05950878	0.008289052	0.11855454	0	0	0.046876397	0	0.12602752	0.42312407
6-4_bin.11	0	0	0	0	0	0	0	0	0	0	0	0	0	0	0	0	0	0.08986635	0	0	0	0	0	0
6-4_bin.12	0	0	0	0	0	0	0	0	0	0	0	0	0	0	0.012148123	0.009611835	0.013359539	0.16722934	0.009953706	0	0.010889133	0.008346828	0.017625382	0.0076785814
6-4_bin.15	0	0	0	0	0	0	0	0	0	0	0	0	0	0.0072170957	0.00822394	0	0.0064496286	0.18905945	0	0	0.007444636	0	0.012756668	0.009841254
6-4_bin.16	0.0062833955	0	0.0034157797	0	0	0.006711175	0	0	0	0.006962235	0.009066864	0.013270598	0.0056867218	0.045465827	0.12015435	0.06453046	0.070503384	0.2864136	0.013947769	0.01441875	0.020615667	0.0065888157	0.02144934	0.084089324
6-4_bin.17	0	0	0	0	0	0	0	0	0	0	0.00446717	0.0065244436	0	0.01385992	0.039365895	0.11010371	0.06708306	0.22298826	0.021193827	0.042110167	0.09987358	0.03258565	0.05302726	0.111874595
6-4_bin.2	0	0	0	0	0	0	0	0	0	0	0	0	0	0	0	0.062055327	0.00831208	0.15983811	0	0	0	0.0037024077	0	0
6-4_bin.4	0	0	0	0	0	0	0	0	0	0	0	0	0	0	0	0.008501291	0.004255141	0.105273604	0.004951367	0	0	0	0	0
6-4_bin.5	0	0	0	0	0	0	0	0	0	0	0	0	0	0	0	0.060898528	0.044350695	0.20285375	0	0	0.007791466	0.0056607476	0.0073779984	0.063123986
6-4_bin.6	0	0	0	0	0	0	0	0	0	0	0	0.007860239	0	0	0	0	0.004258061	0.0886601	0	0	0	0	0	0
6-4_bin.9	0	0	0	0	0	0	0	0	0	0	0.012029505	0	0	0.016115138	0.02945156	0.047509775	0.07943552	0.060508627	0.0069594732	0.025705555	0.023457801	0.009208498	0.059991647	0.055672526
7-1_bin.1	0	0	0	0	0	0	0	0	0	0	0.031303898	0.009943265	0.009842365	0	0.016339447	0	0	0	0.6109306	0	0	0	0	0
7-1_bin.10	0	0	0	0	0	0	0	0	0.0040112906	0	0	0	0	0	0	0	0	0	0.102569655	0	0	0	0	0
7-1_bin.11	0	0	0	0	0	0	0	0	0.0053964956	0.02667729	0.043469895	0.020048153	0.0086278375	0.04208204	0.10953309	0.07819512	0.061080582	0.07762715	0.05438584	0.066448554	0.07918229	0.025027068	0.0072603347	0.021294713
7-1_bin.12	0.026047109	0.013810205	0.008102281	0.011389992	0.033791754	0.021070963	0.006925458	0.02381198	0.022348316	0.0054026544	0.007712266	0	0.0064434516	0	0	0	0.006439338	0.005447643	0.29013142	0	0	0	0	0
7-1_bin.14	0.017734738	0.011484382	0.004730765	0.017544637	0.008075631	0.015489991	0.0179124	0.01727297	0.009192398	0.007615593	0.00547725	0.005105084	0.037725594	0.014866372	0.05004907	0.19664282	0.012633033	0.042366102	0.1689211	0.028557628	0.032722164	0.03136768	0.011219018	0.099388205
7-1_bin.15	0	0	0	0	0	0	0	0	0	0	0	0	0	0	0	0	0.0154537875	0	0.2377218	0	0	0	0	0
7-1_bin.16	0	0	0	0	0	0	0	0	0	0	0	0	0	0	0	0	0	0	0.11696673	0	0	0	0	0
7-1_bin.17	0	0	0	0	0	0	0	0	0	0	0	0	0	0.0078313155	0	0.004062658	0.0052932566	0.010517323	0.27080992	0.009682914	0.0075679193	0.009943788	0	0.00790905
7-1_bin.2	0	0	0	0	0	0	0	0	0	0	0	0	0.005097303	0	0	0	0	0.0050942544	0.17367491	0.015817974	0	0	0	0
7-1_bin.3	0	0	0	0.0055655586	0	0.007295401	0	0.0066073453	0	0	0.0055995095	0	0	0	0	0.011027133	0.012949771	0	0.15582503	0.009640349	0	0.005430692	0.01118476	0.013645966
7-1_bin.4	0	0	0	0	0	0	0.003957253	0.00524083	0.013309472	0.046768207	0.030786533	0.017739132	0.011255008	0.027136087	0.08578234	0.014052118	0.010197607	0.017971264	0.10846223	0.016994419	0.0070047085	0	0	0
7-1_bin.5	0	0	0	0	0	0	0	0.004867622	0.0046020634	0.011241424	0.023348885	0.006713429	0	0	0	0	0	0.004018646	0.13009065	0	0	0	0	0
7-1_bin.6	0	0	0	0	0	0	0	0	0	0	0	0	0	0	0	0	0	0	0.10158232	0	0	0	0	0
7-1_bin.7	0	0	0	0	0	0	0	0	0	0	0	0.0054691522	0	0	0	0	0	0	0.19100448	0	0	0	0	0
7-1_bin.8	0	0	0	0	0	0	0	0	0	0	0	0	0	0	0	0	0	0	0.13204484	0	0	0	0	0
7-1_bin.9	0	0	0	0.0077024424	0	0.026728766	0	0.016315605	0.03271013	0.009087846	0.04992066	0	0.00920267	0.0067817857	0.012766047	0	0	0	0.25077733	0.013970821	0	0	0	0
7-1_vamb_12200	0	0	0	0	0	0	0.005300381	0.007662425	0.013414453	0	0	0	0.06107166	0	0	0	0	0	0.27555662	0	0	0	0	0
7-2_bin.1	0	0	0	0	0	0	0	0	0	0	0	0	0	0	0	0.05665355	0.04661616	0.056375682	0.015967218	0.16673319	0.023143446	0	0.0054537086	0.06210818
7-2_bin.10	0	0	0	0	0	0	0	0	0	0	0	0	0	0	0	0	0	0	0	0.17206432	0	0	0	0
7-2_bin.11	0	0	0	0	0	0	0	0	0	0	0	0	0	0	0	0	0	0	0	0.1818605	0	0	0	0
7-2_bin.13	0	0	0	0	0	0	0	0	0	0.0061345752	0.030616457	0	0	0.007109468	0.087610655	0.07732581	0.21437103	0.06725319	0.015965885	0.28777865	0.033076774	0.0658405	0.34753403	0.083988495
7-2_bin.14	0	0	0	0	0	0	0	0	0.0058301524	0.03301444	0.022290308	0.020383362	0.015546484	0.025881441	0.04544826	0.124731116	0.0842204	0.09781055	0.09138333	0.46518594	0.07726236	0.059600756	0.07003438	0.048279755
7-2_bin.15	0	0	0	0	0	0	0	0	0	0.0061333496	0.018785069	0.025251294	0	0.031974696	0.011376977	0.0291756	0.016587442	0.018902434	0.010729447	0.1794064	0.039752226	0	0.011915747	0.017500542
7-2_bin.17	0	0	0	0.008796231	0	0	0	0.004068186	0.0057033147	0.012308878	0.0040441025	0.018943613	0.0088216895	0.02533477	0.038163215	0.057348467	0.031787213	0.04158901	0.028857138	0.191719	0.061497055	0.34255478	0.024037708	0.028280117
7-2_bin.18	0	0	0	0	0	0	0	0	0	0	0	0	0	0	0	0	0	0	0.0073872115	0.15605408	0.006726264	0.015246439	0.006408323	0
7-2_bin.19	0	0	0	0	0	0	0	0	0	0	0	0	0	0	0	0	0	0	0	0.09281929	0	0	0	0
7-2_bin.2	0	0	0	0	0	0	0	0	0	0	0.0076909964	0	0	0	0	0.016006289	0.043889236	0.025079979	0.0051980107	0.17703952	0.0087678	0.028354257	0.084088445	0.060178652
7-2_bin.20	0	0	0	0	0	0	0	0	0	0	0	0	0	0	0	0	0	0	0	0.23614267	0	0	0	0
7-2_bin.3	0	0	0	0	0	0	0	0	0	0	0	0	0	0	0	0.01516737	0.0066783093	0.02233131	0.008191199	0.7510464	0.010226775	0.0056082937	0.15191834	0.013975331
7-2_bin.4	0	0	0	0	0	0	0	0	0	0	0	0	0	0.010359594	0.008862237	0	0	0	0	0.112285145	0	0	0	0
7-2_bin.5	0	0	0	0	0	0	0	0	0	0	0	0	0	0	0	0	0	0	0	0.19466162	0	0.0060444805	0	0
7-2_bin.6	0	0	0	0	0	0	0	0	0	0	0	0	0	0.007875022	0.008373886	0.006741937	0.009071013	0.0070481547	0	0.1251055	0.009279628	0.008108354	0.009207164	0.0069705816
7-2_bin.7	0	0	0	0	0	0	0	0	0	0.005931036	0.0059148245	0.0067000384	0	0.012252753	0.0060623186	0	0	0.005000278	0	0.14703508	0.0058290656	0.009771214	0.0060477625	0
7-2_bin.8	0	0	0	0	0	0	0	0	0	0.003552458	0	0	0	0.009350742	0	0	0	0	0.0121049015	0.3664824	0.0043458375	0.043778867	0.008212294	0.0061268467
7-2_bin.9	0	0	0	0	0	0	0	0	0	0	0	0	0	0	0	0	0	0	0	0.3141234	0	0	0	0
7-2_vamb_4504	0	0	0	0	0	0	0	0	0	0	0	0	0	0	0.006128032	0	0	0	0.007446625	0.14154577	0	0.007869679	0	0
7-6_bin.1	0	0	0	0	0	0	0	0	0	0	0	0	0	0	0	0	0	0	0	0	0.14601752	0	0	0
7-6_bin.11	0	0	0	0	0	0	0	0	0	0	0.015592195	0	0	0.018076852	0.016439889	0.03879149	0.030310163	0.069904685	0.025347918	0.03957227	0.17917357	0.02714666	0.042560767	0.027991856
7-6_bin.12	0	0	0	0	0	0	0	0	0	0	0	0	0	0.027888816	0.030445132	0.04502603	0.021158628	0.017541887	0.0048078825	0.039615534	0.14792867	0.21124874	0.011467558	0.019879576
7-6_bin.13	0	0	0	0	0	0	0	0	0	0	0	0	0	0	0	0.01577479	0.008068212	0.03437293	0	0	0.19821359	0	0.036540408	0.048933115
7-6_bin.2	0	0	0	0	0	0	0	0	0	0	0	0	0	0.012386215	0	0.028154396	0.04638043	0.014588721	0	0	0.1344284	0.018554159	0.07982017	0.0059232954
7-6_bin.4	0	0	0	0	0	0	0	0	0	0.006505405	0.015705379	0.004792214	0	0	0.01456074	0.025985302	0.048880015	0.024986316	0.013344084	0.024868581	0.19541857	0	0.021005007	0.04628586
7-6_bin.5	0	0	0	0	0	0	0	0	0	0	0	0.006872715	0	0.0050982907	0.0058332705	0.06338653	0.06917317	0.085087344	0.022492	0.04017549	0.17857166	0.028804023	0.051888954	0.045056883
7-6_bin.6	0	0	0	0	0	0	0	0	0	0	0	0	0	0	0	0	0.030463604	0	0	0	0.096409	0	0	0
7-6_bin.7	0.008608564	0.0036182636	0.0050368262	0.015403056	0.01956895	0.035852864	0	0.02034627	0.021013563	0.0051511903	0.026189657	0.0041493094	0	0.013446237	0.015020598	0.039791595	0.071685046	0.11937239	0.062387597	0.015845025	0.5977332	0.02439647	0.009277658	0.016809603
7-6_bin.8	0	0	0	0	0	0	0	0	0	0	0	0	0	0	0	0	0	0	0	0	0.11907195	0	0	0
7-6_bin.9	0	0	0	0	0	0	0	0	0	0	0	0	0	0.017634468	0.06840893	0.008831815	0.02084218	0	0.0044353437	0.025744813	0.2269093	0.04620261	0.022171274	0.013658441
7-6_vamb_11278	0	0	0	0	0	0	0	0	0	0	0	0	0	0	0	0	0.013385012	0	0	0	0.28260493	0.004138935	0.0038557814	0
8-3_bin.1	0.011608206	0.014592788	0.009468598	0.02583887	0.014470608	0.009841318	0.032079592	0.04945351	0.044058006	0.050488614	0.040866174	0.03997558	0.047385093	0.070678435	0.055388287	0.05080854	0.08127648	0.04206629	0.09744327	0.09614359	0.056321856	0.22475903	0.067725666	0.07697778
8-3_bin.2	0	0	0	0	0	0	0	0	0	0.016532045	0	0.0051108943	0	0.027314939	0.005414342	0.037075285	0.067303754	0.023526963	0.035207048	0.016352922	0.1111783	0.24878593	0.053165816	0.06739466
8-3_bin.3	0	0	0	0	0	0	0	0	0	0	0	0	0	0	0	0	0	0	0	0	0	0.33564293	0.01778764	0
8-3_bin.4	0	0	0	0	0	0	0	0	0	0	0	0	0	0	0	0	0.024713397	0	0.0041645123	0	0.0052866377	0.11688383	0	0
8-4_bin.1	0	0	0	0	0	0	0	0	0	0	0	0	0	0	0	0	0	0	0	0	0	0	0.12260067	0
8-4_bin.10	0	0	0	0	0	0	0	0	0	0	0	0	0	0	0	0	0.007865041	0	0	0	0	0.01789095	0.16997872	0.030963453
8-4_bin.11	0	0	0	0	0	0	0	0	0	0	0	0	0	0	0	0	0	0	0	0	0	0	0.10016891	0.053042114
8-4_bin.12	0	0	0	0	0	0	0	0	0	0	0.006159464	0	0	0	0	0.019688249	0.06264302	0.025957275	0.0043837084	0.024086872	0.0068640723	0.034082834	0.1860385	0.05330931
8-4_bin.13	0	0	0	0	0	0	0	0	0	0	0	0	0	0	0	0	0	0	0	0	0.018591627	0	0.09539431	0.027932394
8-4_bin.14	0	0	0	0	0	0	0	0	0	0	0	0.13284509	0	0	0	0.028830169	0.06276169	0.027527269	0	0.010778751	0.01364857	0.036040403	0.14843746	0.0444162
8-4_bin.15	0	0	0	0	0	0	0	0	0	0	0	0	0	0	0	0	0	0	0	0	0	0	0.4985088	0.006541366
8-4_bin.17	0	0	0	0	0	0	0	0	0	0	0	0	0	0	0	0	0.0060312133	0	0	0	0	0.00709855	0.13806303	0.046685457
8-4_bin.18	0	0	0	0	0	0	0	0	0	0.012321161	0	0	0	0.026504535	0.019740028	0.038366623	0.043844707	0.024898516	0.0087195365	0.027362019	0.08021455	0.060382858	0.36873546	0.0711665
8-4_bin.19	0	0	0	0	0	0	0	0	0	0	0	0	0	0	0	0.0040435884	0.02340605	0	0	0	0.02191659	0.11678058	0.12876363	0.0825943
8-4_bin.2	0	0	0	0	0	0	0	0	0	0	0	0	0	0	0	0.017555274	0.033259097	0.011137026	0	0	0	0.011832081	0.10876305	0
8-4_bin.20	0	0	0	0	0	0	0	0	0.0067446446	0.018208709	0.00907158	0.021868043	0.010569274	0.01738726	0.020867879	0.017515749	0.027880002	0.022676542	0.008464142	0.009541044	0.016807888	0.012351663	0.21664034	0.15703702
8-4_bin.22	0.00742729	0.0036248618	0.012818198	0.009038544	0.010792094	0.011206262	0.0071007195	0.013711894	0.024150174	0.05509527	0.014572664	0.012506227	0.03319238	0.014752624	0.03592925	0.1442266	0.29981634	0.2596915	0.17211688	0.045124296	0.23393586	0.09686077	0.19029574	0.1931591
8-4_bin.23	0	0	0	0	0	0	0	0	0	0	0	0	0	0	0	0	0	0	0	0	0	0.0038372816	0.18372086	0
8-4_bin.25	0	0	0	0	0	0	0	0	0	0.0063569634	0.041771423	0	0	0.0066203433	0.100359924	0.07085487	0.1631281	0.071582094	0.020967428	0.07592951	0.02830569	0.049397193	0.83066094	0.05973966
8-4_bin.3	0	0	0	0	0	0	0	0	0	0	0	0	0	0	0	0.009224209	0.0198133	0.009382317	0	0	0.0061716572	0.042570166	0.13434151	0.012638306
8-4_bin.4	0	0	0	0	0	0	0	0	0	0	0	0	0	0	0	0.027890652	0.011443601	0.006603338	0	0	0.004699249	0.007915973	0.11259485	0.005820617
8-4_bin.5	0	0	0	0	0	0	0	0	0	0	0	0.007112403	0	0	0	0.11697491	0.13229692	0.058108244	0	0.017085578	0	0.058887262	0.1323154	0.08122642
8-4_bin.6	0	0	0	0	0	0	0	0	0	0	0	0	0	0	0	0	0.004139049	0	0.011571403	0.016567824	0	0	2.0352483	0.0045026783
8-4_bin.7	0	0	0	0	0	0	0	0	0	0.011976242	0	0.007641748	0	0.009559428	0	0.053895943	0.018356495	0	0.0042812964	0	0.018440655	0.007927254	0.16648994	0
8-4_bin.8	0	0	0	0	0	0	0.0067179194	0.013516342	0.0097304825	0.023761222	0.011407819	0.046867743	0.0070404643	0.023537202	0.04328164	0.118220605	0.07340791	0.11559006	0.11169797	0.048611123	0.06601469	0.026380014	0.15405215	0.108282074
8-4_bin.9	0	0	0	0	0	0	0	0	0	0	0	0	0	0	0	0.005687499	0.010484517	0	0	0	0	0	0.14022449	0
8-5_bin.10	0	0	0	0	0	0	0	0	0	0	0	0	0	0	0	0	0	0	0	0	0	0	0.009095626	0.12939644
8-5_bin.11	0	0	0	0	0	0	0	0.0066299746	0.0069820955	0	0.009956092	0	0	0	0.0066468604	0.0428376	0.0181367	0.017924441	0	0	0	0	0.006211333	0.46328118
8-5_bin.12	0	0	0	0	0	0	0	0	0	0.00326534	0	0.0031141941	0	0	0.007893118	0.0056856554	0.0055976138	0.017570212	0.009393275	0	0.007425872	0	0.016973875	0.1534102
8-5_bin.13	0	0	0	0	0	0	0	0	0	0	0	0	0	0.0051908204	0.009289965	0.030600386	0.030872837	0.03536606	0	0	0.007135127	0	0.012315196	0.18680355
8-5_bin.14	0	0	0	0	0	0	0	0	0	0	0	0	0	0	0	0.012207449	0	0.020512776	0	0.010185889	0	0	0	0.24772535
8-5_bin.15	0	0	0	0	0	0	0	0	0	0	0	0	0	0	0	0	0	0	0	0	0	0	0.015776007	0.1411326
8-5_bin.2	0.01455938	0.0186476	0.018600859	0.016730156	0.00584739	0.0055413493	0.04665513	0.010455352	0.007348709	0	0.020858746	0	0.009220927	0	0	0.022495521	0.003941303	0.007886476	0	0	0	0	0	0.21997419
8-5_bin.3	0	0	0	0	0	0	0	0	0	0	0	0	0	0	0.01109387	0.07047926	0.046252187	0.042840604	0	0	0.012516788	0.007607277	0.026720028	0.15412028
8-5_bin.4	0	0	0	0	0	0	0	0	0	0.010255238	0.0055975756	0	0	0.010688921	0.015209632	0.04307031	0.07664684	0.03478906	0.030582076	0.021971589	0.059363835	0.052410826	0.116123416	0.22934195
8-5_bin.5	0	0	0	0	0	0	0	0	0	0	0	0	0	0	0	0.009640687	0.0046050595	0.013315098	0.038721897	0	0	0	0	0.16527143
8-5_bin.6	0	0	0	0	0	0	0	0	0	0	0	0	0	0	0	0.01705298	0.0108494	0.051963788	0.0068410467	0.10767816	0.011336482	0.01712418	0.07947503	0.16359113
8-5_bin.7	0	0	0	0	0	0	0	0	0	0	0	0	0	0.0054794536	0	0.09170921	0.20613447	0.024503043	0	0.01848167	0.013620118	0.063625805	0.16135162	0.38687557
8-5_bin.8	0	0	0	0	0	0	0	0	0	0	0	0	0	0	0	0.016638726	0.0056830477	0	0	0	0	0	0	0.17728455
